"module name","license","repository"
"@babel/helper-string-parser@7.29.7","MIT","https://github.com/babel/babel"
"@babel/helper-validator-identifier@7.29.7","MIT","https://github.com/babel/babel"
"@babel/parser@7.29.9","MIT","https://github.com/babel/babel"
"@babel/types@7.29.8","MIT","https://github.com/babel/babel"
"@casl/ability@7.0.1","MIT","https://github.com/stalniy/casl"
"@casl/vue@3.0.1","MIT","https://github.com/stalniy/casl"
"@css-render/plugin-bem@0.15.14","MIT","https://github.com/07akioni/css-render"
"@css-render/vue3-ssr@0.15.14","MIT",""
"@emotion/hash@0.8.0","MIT","https://github.com/emotion-js/emotion.git#master"
"@esbuild/linux-x64@0.28.2","MIT","https://github.com/evanw/esbuild"
"@fontsource/pt-mono@5.3.0","OFL-1.1","https://github.com/fontsource/font-files"
"@fontsource/pt-sans@5.3.0","OFL-1.1","https://github.com/fontsource/font-files"
"@intlify/core-base@11.4.2","MIT","https://github.com/intlify/vue-i18n"
"@intlify/devtools-types@11.4.2","MIT","https://github.com/intlify/vue-i18n"
"@intlify/message-compiler@11.4.2","MIT","https://github.com/intlify/vue-i18n"
"@intlify/shared@11.4.2","MIT","https://github.com/intlify/vue-i18n"
"@jridgewell/gen-mapping@0.3.13","MIT","https://github.com/jridgewell/sourcemaps"
"@jridgewell/remapping@2.3.5","MIT","https://github.com/jridgewell/sourcemaps"
"@jridgewell/resolve-uri@3.1.2","MIT","https://github.com/jridgewell/resolve-uri"
"@jridgewell/sourcemap-codec@1.6.0","MIT","https://github.com/jridgewell/sourcemaps"
"@jridgewell/trace-mapping@0.3.31","MIT","https://github.com/jridgewell/sourcemaps"
"@juggle/resize-observer@3.4.0","Apache-2.0","https://github.com/juggle/resize-observer"
"@oxc-project/types@0.151.0","MIT","https://github.com/oxc-project/oxc"
"@rolldown/binding-linux-x64-gnu@1.2.11","MIT","https://github.com/rolldown/rolldown"
"@rolldown/pluginutils@1.0.1","MIT","https://github.com/rolldown/plugins"
"@tanstack/match-sorter-utils@8.19.4","MIT","https://github.com/TanStack/table"
"@tanstack/query-core@5.103.2","MIT","https://github.com/TanStack/query"
"@tanstack/vue-query@5.103.2","MIT","https://github.com/TanStack/query"
"@types/lodash-es@4.17.12","MIT","https://github.com/DefinitelyTyped/DefinitelyTyped"
"@types/lodash@4.17.25","MIT","https://github.com/DefinitelyTyped/DefinitelyTyped"
"@types/node@24.19.0","MIT","https://github.com/DefinitelyTyped/DefinitelyTyped"
"@ucast/core@2.0.0","Apache-2.0","https://github.com/stalniy/ucast"
"@ucast/js@4.0.1","Apache-2.0","https://github.com/stalniy/ucast"
"@ucast/mongo2js@2.0.0","Apache-2.0","https://github.com/stalniy/ucast"
"@ucast/mongo@3.0.0","Apache-2.0","https://github.com/stalniy/ucast"
"@vicons/tabler@0.13.0","MIT",""
"@vue-macros/common@3.1.4","MIT","https://github.com/vue-macros/vue-macros"
"@vue/compiler-core@3.5.43","MIT","https://github.com/vuejs/core"
"@vue/compiler-dom@3.5.43","MIT","https://github.com/vuejs/core"
"@vue/compiler-sfc@3.5.43","MIT","https://github.com/vuejs/core"
"@vue/compiler-ssr@3.5.43","MIT","https://github.com/vuejs/core"
"@vue/devtools-api@6.6.4","MIT","https://github.com/vuejs/vue-devtools"
"@vue/devtools-api@8.2.1","MIT","https://github.com/vuejs/devtools"
"@vue/devtools-kit@8.2.1","MIT","https://github.com/vuejs/devtools"
"@vue/devtools-shared@8.2.1","MIT","https://github.com/vuejs/devtools"
"@vue/reactivity@3.5.43","MIT","https://github.com/vuejs/core"
"@vue/runtime-core@3.5.43","MIT","https://github.com/vuejs/core"
"@vue/runtime-dom@3.5.43","MIT","https://github.com/vuejs/core"
"@vue/server-renderer@3.5.43","MIT","https://github.com/vuejs/core"
"@vue/shared@3.5.43","MIT","https://github.com/vuejs/core"
"acorn@8.18.0","MIT","https://github.com/acornjs/acorn"
"ast-kit@2.2.0","MIT","https://github.com/sxzz/ast-kit"
"ast-walker-scope@0.9.0","MIT","https://github.com/sxzz/ast-walker-scope"
"async-validator@4.2.5","MIT","https://github.com/yiminghe/async-validator"
"birpc@2.9.0","MIT","https://github.com/antfu-collective/birpc"
"chokidar@5.0.0","MIT","https://github.com/paulmillr/chokidar"
"confbox@0.1.8","MIT","https://github.com/unjs/confbox"
"confbox@0.2.4","MIT","https://github.com/unjs/confbox"
"confbox@0.3.1","MIT","https://github.com/unjs/confbox"
"css-render@0.15.14","MIT","https://github.com/07akioni/css-render"
"csstype@3.0.11","MIT","https://github.com/frenic/csstype"
"csstype@3.2.3","MIT","https://github.com/frenic/csstype"
"date-fns-tz@3.2.0","MIT","https://github.com/marnusw/date-fns-tz"
"date-fns@4.4.0","MIT","https://github.com/date-fns/date-fns"
"detect-libc@2.1.2","Apache-2.0","https://github.com/lovell/detect-libc"
"entities@7.0.1","BSD-2-Clause","https://github.com/fb55/entities"
"esbuild@0.28.2","MIT","https://github.com/evanw/esbuild"
"estree-walker@2.0.2","MIT","https://github.com/Rich-Harris/estree-walker"
"evtd@0.2.4","MIT",""
"exsolve@1.1.1","MIT","https://github.com/unjs/exsolve"
"fdir@6.5.0","MIT","https://github.com/thecodrr/fdir"
"highlight.js@11.12.0","BSD-3-Clause","https://github.com/highlightjs/highlight.js"
"hookable@5.5.3","MIT","https://github.com/unjs/hookable"
"jiti@2.7.0","MIT","https://github.com/unjs/jiti"
"lightningcss-linux-x64-gnu@1.33.0","MPL-2.0","https://github.com/parcel-bundler/lightningcss"
"lightningcss@1.33.0","MPL-2.0","https://github.com/parcel-bundler/lightningcss"
"local-pkg@1.2.1","MIT","https://github.com/antfu-collective/local-pkg"
"lodash-es@4.18.1","MIT","https://github.com/lodash/lodash"
"lodash@4.18.1","MIT","https://github.com/lodash/lodash"
"magic-string-ast@1.0.3","MIT","https://github.com/sxzz/magic-string-ast"
"magic-string@0.30.21","MIT","https://github.com/Rich-Harris/magic-string"
"mlly@1.8.2","MIT","https://github.com/unjs/mlly"
"muggle-string@0.4.1","MIT","https://github.com/johnsoncodehk/muggle-string"
"naive-ui@2.45.3","MIT","https://github.com/tusen-ai/naive-ui"
"nanoid@3.3.19","MIT","https://github.com/ai/nanoid"
"nostics@1.3.0","MIT","https://github.com/vercel-labs/nostics"
"pathe@2.0.3","MIT","https://github.com/unjs/pathe"
"perfect-debounce@2.1.0","MIT","https://github.com/unjs/perfect-debounce"
"picocolors@1.1.1","ISC","https://github.com/alexeyraspopov/picocolors"
"picomatch@4.0.7","MIT","https://github.com/micromatch/picomatch"
"pinia@4.0.3","MIT","https://github.com/vuejs/pinia"
"pkg-types@1.3.1","MIT","https://github.com/unjs/pkg-types"
"pkg-types@2.3.3","MIT","https://github.com/unjs/pkg-types"
"postcss@8.5.28","MIT","https://github.com/postcss/postcss"
"quansync@0.2.11","MIT","https://github.com/quansync-dev/quansync"
"readdirp@5.1.1","MIT","https://github.com/paulmillr/readdirp"
"remove-accents@0.5.0","MIT","https://github.com/tyxla/remove-accents"
"rolldown@1.2.11","MIT","https://github.com/rolldown/rolldown"
"scule@1.3.0","MIT","https://github.com/unjs/scule"
"seemly@0.3.10","MIT",""
"source-map-js@1.2.1","BSD-3-Clause","https://github.com/7rulnik/source-map-js"
"tinyglobby@0.2.17","MIT","https://github.com/SuperchupuDev/tinyglobby"
"treemate@0.3.11","MIT","https://github.com/07akioni/treemate"
"typescript@5.9.3","Apache-2.0","https://github.com/microsoft/TypeScript"
"ufo@1.6.4","MIT","https://github.com/unjs/ufo"
"undici-types@7.24.6","MIT","https://github.com/nodejs/undici"
"unplugin-utils@0.3.2","MIT","https://github.com/sxzz/unplugin-utils"
"unplugin@3.4.0","MIT","https://github.com/unjs/unplugin"
"vdirs@0.1.8","MIT",""
"vite@8.3.1","MIT","https://github.com/vitejs/vite"
"vooks@0.2.12","MIT",""
"vue-demi@0.14.10","MIT","https://github.com/antfu/vue-demi"
"vue-i18n@11.4.2","MIT","https://github.com/intlify/vue-i18n"
"vue-router@5.3.1","MIT","https://github.com/vuejs/router"
"vue@3.5.43","MIT","https://github.com/vuejs/core"
"vueuc@0.4.66","MIT",""
"webpack-virtual-modules@0.6.2","MIT","https://github.com/sysgears/webpack-virtual-modules"
"yaml@2.9.1","ISC","https://github.com/eemeli/yaml"